[
  {
    "id": "2025020001",
    "title": "死神 千年血戰篇 (漫畫 版1)",
    "title_jp": "BLEACH 千年血戦篇 (マンガ 版1)",
    "cover_image": {
      "local": "data/picture/2025020001.jpg",
      "remote": "https://cdn.example.com/images/2025020001.jpg"
    },
    "details": {
      "type": "comics",
      "publisher": "集英社",
      "volumes": 8,
      "release_date_tw": "2025-02-10",
      "release_date_jp": "2025-02-15",
      "pricing": [
        { "region": "TW", "amount": 200, "currency": "TWD" },
        { "region": "JP", "amount": 840, "currency": "JPY" },
      ],
      "synopsis": "本漫畫講述了校園中友情與冒險的故事。",
      "cover_image": "https://cdn.example.com/images/2025020001.jpg",
      "purchase_physical": [
        { "platform_name": "博客來", "link": "https://www.books.com.tw/comics1" }
      ],
      "purchase_ebook": [
        { "platform_name": "Kobo", "link": "https://kobo.com/comics1" }
      ],
      "official_site": "https://comics-sample.com",
      "social_link": "https://twitter.com/comics-sample"
    },
    "version": "1.2.0",
    "last_update": "2025-04-20"
  },
  {
    "id": "2025020002",
    "title": "BanG Dream! Ave Mujica (漫畫 版1)",
    "title_jp": "BanG Dream! Ave Mujica (マンガ 版1)",
    "cover_image": {
      "local": "data/picture/2025020002.jpg",
      "remote": "https://cdn.example.com/images/2025020002.jpg"
    },
    "details": {
      "type": "comics",
      "publisher": "集英社",
      "volumes": 5,
      "release_date_tw": "2025-02-15",
      "release_date_jp": "2025-02-20",
      "pricing": [
        { "region": "TW", "amount": 200, "currency": "TWD" },
        { "region": "JP", "amount": 840, "currency": "JPY" }
      ],
      "synopsis": "本漫畫描述了音樂與友情的冒險旅程。",
      "cover_image": "https://cdn.example.com/images/2025020002.jpg",
      "purchase_physical": [
        { "platform_name": "博客來", "link": "https://www.books.com.tw/comics2" }
      ],
      "purchase_ebook": [
        { "platform_name": "Kobo", "link": "https://kobo.com/comics2" }
      ],
      "official_site": "https://comics-sample.com",
      "social_link": "https://twitter.com/comics-sample"
    },
    "version": "1.2.0",
    "last_update": "2025-04-20"
  },
  {
    "id": "2025020003",
    "title": "BanG Dream! Ave Mujica (漫畫 版2)",
    "title_jp": "BanG Dream! Ave Mujica (マンガ 版2)",
    "cover_image": {
      "local": "data/picture/2025020003.jpg",
      "remote": "https://cdn.example.com/images/2025020003.jpg"
    },
    "details": {
      "type": "comics",
      "publisher": "集英社",
      "volumes": 6,
      "release_date_tw": "2025-02-18",
      "release_date_jp": "2025-02-22",
      "pricing": [
        { "region": "TW", "amount": 200, "currency": "TWD" },
        { "region": "JP", "amount": 840, "currency": "JPY" }
      ],
      "synopsis": "本漫畫第二版呈現了不同的故事情節與視角。",
      "cover_image": "https://cdn.example.com/images/2025020003.jpg",
      "purchase_physical": [
        { "platform_name": "博客來", "link": "https://www.books.com.tw/comics3" }
      ],
      "purchase_ebook": [
        { "platform_name": "Kobo", "link": "https://kobo.com/comics3" }
      ],
      "official_site": "https://comics-sample.com",
      "social_link": "https://twitter.com/comics-sample"
    },
    "version": "1.2.0",
    "last_update": "2025-04-20"
  }
]
